{"cameraMode":{"drawMode":0,"name":"Shaded","section":"Shading Mode"},"sceneLighting":false,"audioPlay":false,"sceneViewState":{"m_AlwaysRefresh":false,"showFog":true,"showSkybox":false,"showFlares":true,"showImageEffects":true,"showParticleSystems":true,"showVisualEffectGraphs":true,"m_FxEnabled":true},"in2DMode":false,"pivot":{"x":0.6163008213043213,"y":-0.884667158126831,"z":-0.8149492144584656},"rotation":{"x":0.02803235501050949,"y":0.8978133797645569,"z":-0.4357094168663025,"w":0.05802880972623825},"size":2.2453293800354006,"orthographic":false}