{"cameraMode":{"drawMode":0,"name":"Shaded","section":"Shading Mode"},"sceneLighting":false,"audioPlay":false,"sceneViewState":{"m_AlwaysRefresh":false,"showFog":true,"showSkybox":false,"showFlares":true,"showImageEffects":true,"showParticleSystems":true,"showVisualEffectGraphs":true,"m_FxEnabled":true},"in2DMode":false,"pivot":{"x":-2.5000007152557375,"y":0.2892141342163086,"z":-1.7400002479553223},"rotation":{"x":0.4884650409221649,"y":-0.0010980962542816997,"z":0.0004783130716532469,"w":0.8726199865341187},"size":0.5173554420471191,"orthographic":false}