{"cameraMode":{"drawMode":0,"name":"Shaded","section":"Shading Mode"},"sceneLighting":false,"audioPlay":false,"sceneViewState":{"m_AlwaysRefresh":false,"showFog":true,"showSkybox":false,"showFlares":true,"showImageEffects":true,"showParticleSystems":true,"showVisualEffectGraphs":true,"m_FxEnabled":true},"in2DMode":false,"pivot":{"x":-2.5000007152557375,"y":0.2892141342163086,"z":-1.7400002479553223},"rotation":{"x":0.35768085718154909,"y":0.04924028739333153,"z":-0.01901865564286709,"w":0.9323869943618774},"size":0.5173554420471191,"orthographic":false}