{"cameraMode":{"drawMode":0,"name":"Shaded","section":"Shading Mode"},"sceneLighting":false,"audioPlay":false,"sceneViewState":{"m_AlwaysRefresh":false,"showFog":true,"showSkybox":false,"showFlares":true,"showImageEffects":true,"showParticleSystems":true,"showVisualEffectGraphs":true,"m_FxEnabled":true},"in2DMode":false,"pivot":{"x":-2.497962713241577,"y":0.05000000074505806,"z":-1.7400000095367432},"rotation":{"x":0.5611803531646729,"y":-0.007259896025061607,"z":0.004781081806868315,"w":0.8276907205581665},"size":0.5003015995025635,"orthographic":false}