{"cameraMode":{"drawMode":0,"name":"Shaded","section":"Shading Mode"},"sceneLighting":false,"audioPlay":false,"sceneViewState":{"m_AlwaysRefresh":false,"showFog":true,"showSkybox":false,"showFlares":true,"showImageEffects":true,"showParticleSystems":true,"showVisualEffectGraphs":true,"m_FxEnabled":true},"in2DMode":false,"pivot":{"x":-0.352491557598114,"y":0.0722961276769638,"z":0.047102537006139758},"rotation":{"x":0.030151907354593278,"y":0.9006960391998291,"z":-0.42879509925842287,"w":0.06365203857421875},"size":1.3983519077301026,"orthographic":false}