{"cameraMode":{"drawMode":0,"name":"Shaded","section":"Shading Mode"},"sceneLighting":false,"audioPlay":false,"sceneViewState":{"m_AlwaysRefresh":false,"showFog":true,"showSkybox":false,"showFlares":true,"showImageEffects":true,"showParticleSystems":true,"showVisualEffectGraphs":true,"m_FxEnabled":true},"in2DMode":false,"pivot":{"x":-0.5065041780471802,"y":0.8404225707054138,"z":0.1071104109287262},"rotation":{"x":0.7066702246665955,"y":-0.008354488760232926,"z":0.008180354721844197,"w":0.7074975967407227},"size":0.8703712224960327,"orthographic":false}